,Supplier_Lead_Time,Inventory_Levels,Order_Frequency,Delivery_Performance,Cost_Per_Unit
Supplier_Lead_Time,1.0,0.20799597882418996,-0.9048342417531497,-0.9152927744979298,0.9697734758062277
Inventory_Levels,0.20799597882418996,1.0,-0.18525505092199912,-0.14707318833314056,0.23930887661954792
Order_Frequency,-0.9048342417531497,-0.18525505092199912,1.0,0.8466354017396509,-0.882989244923202
Delivery_Performance,-0.9152927744979298,-0.14707318833314056,0.8466354017396509,1.0,-0.9023459001644474
Cost_Per_Unit,0.9697734758062277,0.23930887661954792,-0.882989244923202,-0.9023459001644474,1.0
